-- === Клиенты ===
INSERT INTO clients (client_id, full_name, phone, email, passport_number) VALUES
(1, 'Иванов Иван', '89001234567', 'ivanov@example.com', '1234567890'),
(2, 'Петров Петр', '89001234568', 'petrov@example.com', '2234567890'),
(3, 'Сидоров Сидор', '89001234569', 'sidorov@example.com', '3234567890'),
(4, 'Алексеева Алёна', '89001234570', 'alekseeva@example.com', '4234567890'),
(5, 'Федоров Фёдор', '89001234571', 'fedorov@example.com', '5234567890'),
(6, 'Кузнецова Анна', '89001234572', 'kuznecova@example.com', '6234567890'),
(7, 'Васильев Василий', '89001234573', 'vasiliev@example.com', '7234567890'),
(8, 'Николаева Ника', '89001234574', 'nikolaeva@example.com', '8234567890'),
(9, 'Тимофеев Тимофей', '89001234575', 'timofeev@example.com', '9234567890'),
(10, 'Орлова Ольга', '89001234576', 'orlova@example.com', '1034567890'),
(11, 'Громов Григорий', '89001234577', 'gromov@example.com', '1134567890'),
(12, 'Демидова Дарья', '89001234578', 'demidova@example.com', '1234567891'),
(13, 'Белов Борис', '89001234579', 'belov@example.com', '1334567890'),
(14, 'Жукова Жанна', '89001234580', 'zhukova@example.com', '1434567890'),
(15, 'Максимов Максим', '89001234581', 'maximov@example.com', '1534567890');

-- === Номера ===
INSERT INTO rooms (room_id, number, room_type, capacity, status) VALUES
(1, '101', 'эконом', 2, 'свободен'),
(2, '102', 'люкс', 3, 'занят'),
(3, '103', 'эконом', 1, 'свободен'),
(4, '104', 'люкс', 2, 'занят'),
(5, '105', 'эконом', 2, 'свободен'),
(6, '106', 'эконом', 1, 'занят'),
(7, '107', 'люкс', 3, 'свободен'),
(8, '108', 'эконом', 2, 'свободен'),
(9, '109', 'эконом', 2, 'занят'),
(10, '110', 'люкс', 4, 'свободен'),
(11, '111', 'эконом', 2, 'занят'),
(12, '112', 'эконом', 2, 'свободен'),
(13, '113', 'люкс', 3, 'свободен'),
(14, '114', 'эконом', 1, 'свободен'),
(15, '115', 'эконом', 1, 'занят');

-- === Услуги ===
INSERT INTO services (service_id, name, price, description) VALUES
(1, 'Полотенце дополнительное', 100.00, 'Дополнительное полотенце по запросу'),
(2, 'Завтрак', 300.00, 'Континентальный завтрак'),
(3, 'Уборка номера', 500.00, 'Ежедневная уборка номера'),
(4, 'Wi-Fi', 0.00, 'Бесплатный доступ к Wi-Fi'),
(5, 'Мини-бар', 800.00, 'Доступ к мини-бару'),
(6, 'Трансфер', 1500.00, 'Трансфер до аэропорта'),
(7, 'Поздний выезд', 1000.00, 'Поздний выезд до 18:00'),
(8, 'Детская кроватка', 300.00, 'Дополнительная кроватка для ребенка'),
(9, 'Прачечная', 400.00, 'Услуги прачечной'),
(10, 'Бассейн', 200.00, 'Посещение бассейна'),
(11, 'Фитнес-зал', 250.00, 'Посещение фитнес-зала'),
(12, 'Сауна', 700.00, 'Посещение сауны'),
(13, 'Парковка', 150.00, 'Место на парковке'),
(14, 'Массаж', 1200.00, 'Сеанс массажа 60 мин'),
(15, 'Питомец в номере', 500.00, 'Размещение с животными');

-- === Тарифы ===
INSERT INTO tariffs (tariff_id, name, price, description) VALUES
(1, 'Базовый', 3000.00, 'Проживание без дополнительных услуг'),
(2, 'С завтраком', 3500.00, 'Проживание + завтрак'),
(3, 'Все включено', 5000.00, 'Проживание + питание + услуги'),
(4, 'Длительное проживание', 2500.00, 'Скидка при брони от 5 дней'),
(5, 'Семейный', 4000.00, 'Проживание для семьи с детьми'),
(6, 'Бизнес', 4500.00, 'Проживание + трансфер + завтрак'),
(7, 'Уикенд', 3200.00, 'Проживание на выходные'),
(8, 'Акционный', 2000.00, 'Спецпредложение по акции'),
(9, 'С животными', 3500.00, 'Проживание с питомцем'),
(10, 'Молодожёны', 6000.00, 'Люкс + ужин + шампанское'),
(11, 'Спорт', 4200.00, 'Проживание + фитнес'),
(12, 'Лечебный', 4700.00, 'Проживание + процедуры'),
(13, 'Командировочный', 2800.00, 'Скидка при подтверждении командировки'),
(14, 'Ночной', 1800.00, 'Проживание с 22:00 до 6:00'),
(15, 'Экспресс', 2300.00, 'Краткое пребывание до 6 часов');

-- === Бронь ===
INSERT INTO booking (booking_id, client_id, room_id, service_id, tariff_id, start_date, end_date, status) VALUES
(1, 1, 12, 1, 1, '2024-02-01', '2024-02-05', 'подтверждена'),
(2, 1, 4, 1, 1, '2024-05-10', '2024-05-15', 'подтверждена'),
(3, 15, 8, 2, 11, '2024-01-01', '2024-01-02', 'отменена'),
(4, 11, 1, 13, 3, '2024-06-12', '2024-06-18', 'подтверждена'),
(5, 2, 14, 7, 5, '2024-03-05', '2024-03-08', 'подтверждена'),
(6, 9, 6, 11, 12, '2024-07-14', '2024-07-16', 'отменена'),
(7, 5, 10, 3, 1, '2024-04-03', '2024-04-07', 'подтверждена'),
(8, 13, 7, 1, 2, '2024-08-15', '2024-08-20', 'подтверждена'),
(9, 4, 5, 1, 8, '2024-05-11', '2024-05-13', 'отменена'),
(10, 14, 9, 12, 6, '2024-02-02', '2024-02-06', 'подтверждена'),
(11, 1, 11, 4, 10, '2024-09-17', '2024-09-21', 'подтверждена'),
(12, 8, 3, 14, 15, '2024-03-01', '2024-03-02', 'подтверждена'),
(13, 12, 13, 8, 1, '2024-06-04', '2024-06-06', 'подтверждена'),
(14, 6, 2, 10, 13, '2024-07-05', '2024-07-07', 'подтверждена'),
(15, 1, 1, 6, 4, '2024-07-01', '2024-07-03', 'подтверждена'),
(16, 3, 7, 2, 11, '2024-01-01', '2024-01-02', 'отменена'),
(17, 7, 9, 5, 14, '2024-05-10', '2024-05-12', 'подтверждена'),
(18, 15, 4, 9, 3, '2024-02-01', '2024-02-04', 'подтверждена'),
(19, 1, 14, 7, 5, '2024-09-12', '2024-09-14', 'отменена'),
(20, 2, 6, 11, 12, '2024-04-10', '2024-04-12', 'подтверждена'),
(21, 9, 10, 3, 9, '2024-07-14', '2024-07-16', 'подтверждена'),
(22, 5, 7, 1, 2, '2024-08-03', '2024-08-05', 'отменена'),
(23, 13, 5, 1, 8, '2024-11-15', '2024-11-18', 'отменена'),
(24, 4, 9, 12, 6, '2024-05-11', '2024-05-13', 'подтверждена'),
(25, 1, 11, 4, 10, '2024-11-02', '2024-11-06', 'подтверждена'),
(26, 1, 3, 14, 15, '2024-12-17', '2024-12-19', 'подтверждена'),
(27, 8, 13, 1, 1, '2024-10-01', '2024-10-03', 'отменена'),
(28, 12, 2, 10, 13, '2024-07-04', '2024-07-08', 'подтверждена'),
(29, 6, 1, 6, 4, '2024-04-05', '2024-04-07', 'подтверждена'),
(30, 10, 12, 5, 7, '2024-07-08', '2024-07-11', 'подтверждена');